<?xml version="1.0" encoding="UTF-8"?>
<configuration>
	<appender name="STDOUT"
		class="ch.qos.logback.core.ConsoleAppender">
		<encoder charset="UTF-8">
			<pattern>%d{HH:mm:ss.SSS} [%thread] %-5level %logger - %msg%n
			</pattern>
		</encoder>
	</appender>
	<appender name="FILE"
		class="ch.qos.logback.core.rolling.RollingFileAppender">
		<file>C:/dev/logs/ejemplo.log</file>
		<rollingPolicy
			class="ch.qos.logback.core.rolling.TimeBasedRollingPolicy">
			<fileNamePattern>C:/dev/logs/ejemplo.%d{yyyy-MM-dd}.log
			</fileNamePattern>
			<maxHistory>7</maxHistory>
		</rollingPolicy>
		<encoder class="net.logstash.logback.encoder.LogstashEncoder" />
	</appender>

	<!-- Configuramos la escrito -->
	<root level="INFO">
		<appender-ref ref="FILE" />
		<appender-ref ref="STDOUT" />
	</root>
</configuration>	